NatA,NatC,NatD,NatE,NatF,NatG,NatH,NatI,NatK,NatL,NatM,NatN,NatP,NatQ,NatR,NatS,NatT,NatV,NatW,NatY,MutA,MutC,MutD,MutE,MutF,MutG,MutH,MutI,MutK,MutL,MutM,MutN,MutP,MutQ,MutR,MutS,MutT,MutV,MutW,MutY,phenotype
1,-2,-1,0,-3,-1,-1,-3,-1,-3,-2,0,-1,0,-1,5,1,-2,-4,-2,-2,-2,-5,-4,0,-4,-3,1,-3,4,2,-4,-3,-3,-3,-3,-2,1,-2,-2,HCM
-2,-4,-2,-1,-4,-3,0,-3,2,-3,-2,-1,-2,1,6,-1,-1,-3,-4,-3,-2,-4,-2,0,-2,-3,8,-4,-1,-3,-2,0,-3,1,0,-1,-2,-4,-3,2,HCM
5,-1,-2,-1,-3,0,-2,-2,-1,-2,-1,-2,-1,-1,-2,1,0,0,-3,-2,0,-1,-4,-3,-1,-4,-4,3,-3,1,1,-4,-3,-3,-3,-2,0,4,-3,-2,HCM
5,-1,-2,-1,-3,0,-2,-2,-1,-2,-1,-2,-1,-1,-2,1,0,0,-3,-2,0,-1,-1,-1,-2,-2,-2,-1,-1,-2,-1,0,-2,-1,-1,1,5,0,-4,-2,HCM
-2,-2,-4,-4,-1,-5,-4,5,-3,1,1,-4,-4,-3,-3,-3,-1,3,-3,-2,0,-1,-1,-1,-2,-2,-2,-1,-1,-2,-1,0,-2,-1,-1,1,5,0,-4,-2,DCM
-2,-4,6,1,-4,-2,-2,-4,-1,-5,-4,1,-2,-1,-2,-1,-1,-4,-6,-4,-2,-3,1,-1,-4,-1,0,-4,0,-4,-3,6,-3,0,-1,0,0,-4,-4,-3,HCM
-2,-4,-2,-1,-4,-3,0,-3,2,-3,-2,-1,-2,1,6,-1,-1,-3,-4,-3,-1,-4,-1,2,-4,-2,1,-3,1,-3,0,0,-2,6,1,0,-1,-3,-3,-2,HCM
-2,-4,-2,0,-2,-3,8,-4,-1,-3,-2,0,-3,1,0,-1,-2,-4,-3,2,-2,-3,1,-1,-4,-1,0,-4,0,-4,-3,6,-3,0,-1,0,0,-4,-4,-3,HCM
0,-4,-2,-3,-4,6,-3,-5,-2,-4,-4,-1,-3,-2,-3,-1,-2,-4,-4,-4,-1,-5,1,6,-4,-3,0,-4,1,-4,-2,-1,-2,2,-1,0,-1,-3,-4,-3,HCM
-2,-2,-4,-4,-1,-5,-4,5,-3,1,1,-4,-4,-3,-3,-3,-1,3,-3,-2,0,-1,-1,-1,-2,-2,-2,-1,-1,-2,-1,0,-2,-1,-1,1,5,0,-4,-2,HCM
-2,-4,-2,-1,-4,-3,0,-3,2,-3,-2,-1,-2,1,6,-1,-1,-3,-4,-3,0,-1,-1,-1,-2,-2,-2,-1,-1,-2,-1,0,-2,-1,-1,1,5,0,-4,-2,HCM
-2,-4,6,1,-4,-2,-2,-4,-1,-5,-4,1,-2,-1,-2,-1,-1,-4,-6,-4,0,-4,-2,-3,-4,6,-3,-5,-2,-4,-4,-1,-3,-2,-3,-1,-2,-4,-4,-4,HCM
0,-1,-4,-3,-1,-4,-4,3,-3,1,1,-4,-3,-3,-3,-2,0,4,-3,-2,-1,-2,-4,-2,0,-4,-2,1,-2,2,6,-3,-3,0,-2,-2,-1,1,-2,-2,HCM
-1,-4,-1,1,-4,-2,-1,-3,5,-3,-2,0,-1,1,2,-1,-1,-3,-4,-3,-1,-5,1,6,-4,-3,0,-4,1,-4,-2,-1,-2,2,-1,0,-1,-3,-4,-3,HCM
5,-1,-2,-1,-3,0,-2,-2,-1,-2,-1,-2,-1,-1,-2,1,0,0,-3,-2,0,-1,-1,-1,-2,-2,-2,-1,-1,-2,-1,0,-2,-1,-1,1,5,0,-4,-2,HCM
-2,-4,6,1,-4,-2,-2,-4,-1,-5,-4,1,-2,-1,-2,-1,-1,-4,-6,-4,-2,-3,-4,-3,3,-4,2,-2,-3,-2,-2,-3,-4,-2,-3,-2,-2,-2,2,7,HCM
-1,-2,-4,-2,0,-4,-2,1,-2,2,6,-3,-3,0,-2,-2,-1,1,-2,-2,0,-1,-1,-1,-2,-2,-2,-1,-1,-2,-1,0,-2,-1,-1,1,5,0,-4,-2,HCM
-2,-4,-2,-1,-4,-3,0,-3,2,-3,-2,-1,-2,1,6,-1,-1,-3,-4,-3,-3,-3,-6,-4,0,-4,-3,-3,-4,-2,-2,-4,-5,-3,-4,-4,-4,-3,11,2,HCM
-2,-4,-2,-1,-4,-3,0,-3,2,-3,-2,-1,-2,1,6,-1,-1,-3,-4,-3,-1,-4,-1,2,-4,-2,1,-3,1,-3,0,0,-2,6,1,0,-1,-3,-3,-2,HCM
-2,-2,-5,-4,0,-4,-3,1,-3,4,2,-4,-3,-3,-3,-3,-2,1,-2,-2,-1,-2,-4,-2,0,-4,-2,1,-2,2,6,-3,-3,0,-2,-2,-1,1,-2,-2,HCM
-2,-3,1,-1,-4,-1,0,-4,0,-4,-3,6,-3,0,-1,0,0,-4,-4,-3,1,-2,-1,0,-3,-1,-1,-3,-1,-3,-2,0,-1,0,-1,5,1,-2,-4,-2,HCM
-2,-4,-2,-1,-4,-3,0,-3,2,-3,-2,-1,-2,1,6,-1,-1,-3,-4,-3,-1,9,-4,-5,-3,-4,-4,-2,-4,-2,-2,-3,-4,-4,-4,-2,-1,-1,-3,-3,HCM
-2,-2,-4,-4,-1,-5,-4,5,-3,1,1,-4,-4,-3,-3,-3,-1,3,-3,-2,-2,-3,1,-1,-4,-1,0,-4,0,-4,-3,6,-3,0,-1,0,0,-4,-4,-3,HCM
-1,-4,-1,1,-4,-2,-1,-3,5,-3,-2,0,-1,1,2,-1,-1,-3,-4,-3,-2,-3,1,-1,-4,-1,0,-4,0,-4,-3,6,-3,0,-1,0,0,-4,-4,-3,HCM
-1,-2,-4,-2,0,-4,-2,1,-2,2,6,-3,-3,0,-2,-2,-1,1,-2,-2,-2,-2,-5,-4,0,-4,-3,1,-3,4,2,-4,-3,-3,-3,-3,-2,1,-2,-2,HCM
-1,-5,1,6,-4,-3,0,-4,1,-4,-2,-1,-2,2,-1,0,-1,-3,-4,-3,-2,-4,6,1,-4,-2,-2,-4,-1,-5,-4,1,-2,-1,-2,-1,-1,-4,-6,-4,HCM
-1,-4,-1,1,-4,-2,-1,-3,5,-3,-2,0,-1,1,2,-1,-1,-3,-4,-3,-2,-4,-2,-1,-4,-3,0,-3,2,-3,-2,-1,-2,1,6,-1,-1,-3,-4,-3,HCM
5,-1,-2,-1,-3,0,-2,-2,-1,-2,-1,-2,-1,-1,-2,1,0,0,-3,-2,0,-1,-4,-3,-1,-4,-4,3,-3,1,1,-4,-3,-3,-3,-2,0,4,-3,-2,DCM
-2,-4,6,1,-4,-2,-2,-4,-1,-5,-4,1,-2,-1,-2,-1,-1,-4,-6,-4,-2,-4,-2,0,-2,-3,8,-4,-1,-3,-2,0,-3,1,0,-1,-2,-4,-3,2,HCM
-2,-2,-5,-4,0,-4,-3,1,-3,4,2,-4,-3,-3,-3,-3,-2,1,-2,-2,0,-1,-4,-3,-1,-4,-4,3,-3,1,1,-4,-3,-3,-3,-2,0,4,-3,-2,HCM
0,-1,-4,-3,-1,-4,-4,3,-3,1,1,-4,-3,-3,-3,-2,0,4,-3,-2,-1,-2,-4,-2,0,-4,-2,1,-2,2,6,-3,-3,0,-2,-2,-1,1,-2,-2,HCM
-2,-3,-4,-3,3,-4,2,-2,-3,-2,-2,-3,-4,-2,-3,-2,-2,-2,2,7,-2,-3,1,-1,-4,-1,0,-4,0,-4,-3,6,-3,0,-1,0,0,-4,-4,-3,HCM
-2,-4,-2,-1,-4,-3,0,-3,2,-3,-2,-1,-2,1,6,-1,-1,-3,-4,-3,-1,-4,-1,1,-4,-2,-1,-3,5,-3,-2,0,-1,1,2,-1,-1,-3,-4,-3,HCM
-2,-4,-2,-1,-4,-3,0,-3,2,-3,-2,-1,-2,1,6,-1,-1,-3,-4,-3,-2,-4,-2,0,-2,-3,8,-4,-1,-3,-2,0,-3,1,0,-1,-2,-4,-3,2,HCM
-2,-4,-2,-1,-4,-3,0,-3,2,-3,-2,-1,-2,1,6,-1,-1,-3,-4,-3,-1,9,-4,-5,-3,-4,-4,-2,-4,-2,-2,-3,-4,-4,-4,-2,-1,-1,-3,-3,HCM
-2,-4,-2,-1,-4,-3,0,-3,2,-3,-2,-1,-2,1,6,-1,-1,-3,-4,-3,-1,9,-4,-5,-3,-4,-4,-2,-4,-2,-2,-3,-4,-4,-4,-2,-1,-1,-3,-3,HCM
-2,-4,-2,-1,-4,-3,0,-3,2,-3,-2,-1,-2,1,6,-1,-1,-3,-4,-3,-2,-4,-2,0,-2,-3,8,-4,-1,-3,-2,0,-3,1,0,-1,-2,-4,-3,2,HCM
-2,-4,-2,-1,-4,-3,0,-3,2,-3,-2,-1,-2,1,6,-1,-1,-3,-4,-3,-1,-4,-1,2,-4,-2,1,-3,1,-3,0,0,-2,6,1,0,-1,-3,-3,-2,HCM
-2,-4,-2,-1,-4,-3,0,-3,2,-3,-2,-1,-2,1,6,-1,-1,-3,-4,-3,-1,9,-4,-5,-3,-4,-4,-2,-4,-2,-2,-3,-4,-4,-4,-2,-1,-1,-3,-3,HCM
0,-4,-2,-3,-4,6,-3,-5,-2,-4,-4,-1,-3,-2,-3,-1,-2,-4,-4,-4,-2,-4,-2,-1,-4,-3,0,-3,2,-3,-2,-1,-2,1,6,-1,-1,-3,-4,-3,HCM
0,-4,-2,-3,-4,6,-3,-5,-2,-4,-4,-1,-3,-2,-3,-1,-2,-4,-4,-4,5,-1,-2,-1,-3,0,-2,-2,-1,-2,-1,-2,-1,-1,-2,1,0,0,-3,-2,HCM
5,-1,-2,-1,-3,0,-2,-2,-1,-2,-1,-2,-1,-1,-2,1,0,0,-3,-2,0,-1,-1,-1,-2,-2,-2,-1,-1,-2,-1,0,-2,-1,-1,1,5,0,-4,-2,HCM
-1,-2,-4,-2,0,-4,-2,1,-2,2,6,-3,-3,0,-2,-2,-1,1,-2,-2,-2,-2,-5,-4,0,-4,-3,1,-3,4,2,-4,-3,-3,-3,-3,-2,1,-2,-2,HCM
-2,-4,-2,-1,-4,-3,0,-3,2,-3,-2,-1,-2,1,6,-1,-1,-3,-4,-3,-1,-4,-1,1,-4,-2,-1,-3,5,-3,-2,0,-1,1,2,-1,-1,-3,-4,-3,HCM
-1,-4,-1,1,-4,-2,-1,-3,5,-3,-2,0,-1,1,2,-1,-1,-3,-4,-3,-1,-5,1,6,-4,-3,0,-4,1,-4,-2,-1,-2,2,-1,0,-1,-3,-4,-3,HCM
-1,-2,-4,-2,0,-4,-2,1,-2,2,6,-3,-3,0,-2,-2,-1,1,-2,-2,0,-1,-1,-1,-2,-2,-2,-1,-1,-2,-1,0,-2,-1,-1,1,5,0,-4,-2,HCM
-2,-4,-2,-1,-4,-3,0,-3,2,-3,-2,-1,-2,1,6,-1,-1,-3,-4,-3,-2,-4,-2,0,-2,-3,8,-4,-1,-3,-2,0,-3,1,0,-1,-2,-4,-3,2,HCM
-2,-4,-2,-1,-4,-3,0,-3,2,-3,-2,-1,-2,1,6,-1,-1,-3,-4,-3,-2,-4,-2,0,-2,-3,8,-4,-1,-3,-2,0,-3,1,0,-1,-2,-4,-3,2,HCM
-1,-4,-1,2,-4,-2,1,-3,1,-3,0,0,-2,6,1,0,-1,-3,-3,-2,-1,-4,-2,-2,-4,-3,-3,-4,-1,-3,-3,-3,8,-2,-2,-1,-2,-3,-5,-4,HCM
-1,-5,1,6,-4,-3,0,-4,1,-4,-2,-1,-2,2,-1,0,-1,-3,-4,-3,0,-4,-2,-3,-4,6,-3,-5,-2,-4,-4,-1,-3,-2,-3,-1,-2,-4,-4,-4,HCM
5,-1,-2,-1,-3,0,-2,-2,-1,-2,-1,-2,-1,-1,-2,1,0,0,-3,-2,-1,-4,-2,-2,-4,-3,-3,-4,-1,-3,-3,-3,8,-2,-2,-1,-2,-3,-5,-4,HCM
-2,-4,-2,-1,-4,-3,0,-3,2,-3,-2,-1,-2,1,6,-1,-1,-3,-4,-3,-2,-4,-2,0,-2,-3,8,-4,-1,-3,-2,0,-3,1,0,-1,-2,-4,-3,2,DCM
-2,-4,6,1,-4,-2,-2,-4,-1,-5,-4,1,-2,-1,-2,-1,-1,-4,-6,-4,0,-4,-2,-3,-4,6,-3,-5,-2,-4,-4,-1,-3,-2,-3,-1,-2,-4,-4,-4,HCM
-1,-5,1,6,-4,-3,0,-4,1,-4,-2,-1,-2,2,-1,0,-1,-3,-4,-3,-1,-4,-1,1,-4,-2,-1,-3,5,-3,-2,0,-1,1,2,-1,-1,-3,-4,-3,HCM
-1,-5,1,6,-4,-3,0,-4,1,-4,-2,-1,-2,2,-1,0,-1,-3,-4,-3,-1,-4,-1,1,-4,-2,-1,-3,5,-3,-2,0,-1,1,2,-1,-1,-3,-4,-3,HCM
-2,-4,6,1,-4,-2,-2,-4,-1,-5,-4,1,-2,-1,-2,-1,-1,-4,-6,-4,0,-4,-2,-3,-4,6,-3,-5,-2,-4,-4,-1,-3,-2,-3,-1,-2,-4,-4,-4,HCM
-2,-4,6,1,-4,-2,-2,-4,-1,-5,-4,1,-2,-1,-2,-1,-1,-4,-6,-4,-2,-3,1,-1,-4,-1,0,-4,0,-4,-3,6,-3,0,-1,0,0,-4,-4,-3,HCM
-1,-5,1,6,-4,-3,0,-4,1,-4,-2,-1,-2,2,-1,0,-1,-3,-4,-3,0,-4,-2,-3,-4,6,-3,-5,-2,-4,-4,-1,-3,-2,-3,-1,-2,-4,-4,-4,HCM
-1,-5,1,6,-4,-3,0,-4,1,-4,-2,-1,-2,2,-1,0,-1,-3,-4,-3,0,-1,-4,-3,-1,-4,-4,3,-3,1,1,-4,-3,-3,-3,-2,0,4,-3,-2,HCM
-1,-5,1,6,-4,-3,0,-4,1,-4,-2,-1,-2,2,-1,0,-1,-3,-4,-3,-1,-4,-1,1,-4,-2,-1,-3,5,-3,-2,0,-1,1,2,-1,-1,-3,-4,-3,HCM
