Position,AA1,AA2,Hbonds,Buried charge,SProtFT,Interface,Clash,Proline,Impact,Binding,Voids,SurfacePhobic,Glycine,CisPro,CorePhilic,SSGeom,Phenotype,Mean_age,Mean_MWT
4,S,L,0,0,0,1,0,0,0,0,0,1,0,0,0,0,HCM,,16
17,R,H,0,0,0,0,0,0,0,0,0,0,0,0,0,0,HCM,42,16
26,A,V,0,0,0,0,0,0,1,0,0,0,0,0,0,0,HCM,41,12
100,A,T,0,0,0,0,0,0,1,0,0,0,0,0,1,0,HCM,27,24
178,G,R,0,1,1,0,1,0,1,0,0,0,1,0,1,0,LVNC,33,
181,G,R,0,1,1,1,1,0,1,1,0,0,1,0,0,0,LVNC,42,
201,I,T,0,0,0,1,0,0,1,0,0,0,0,0,0,0,DCM,,
239,D,N,0,0,0,0,0,0,1,0,0,0,0,0,0,0,HCM,5,
249,R,Q,0,0,0,0,0,0,1,0,0,0,0,0,0,0,HCM,29,16
251,H,N,0,1,0,0,0,0,1,0,0,0,0,0,0,0,HCM,8,
256,G,E,0,1,0,0,1,0,1,0,0,0,1,0,1,0,HCM,45,17
263,I,T,0,0,0,0,0,0,0,0,0,0,0,0,1,0,HCM,23,22
272,R,T,0,1,0,0,0,0,1,0,0,0,0,0,0,0,HCM,,
325,D,G,0,0,0,0,0,0,0,0,0,0,0,0,0,0,HCM,,
338,V,M,0,0,0,1,0,0,1,0,0,0,0,0,0,0,HCM,31,24
351,K,E,0,0,0,0,0,0,1,0,0,0,0,0,0,0,HCM,30,23
355,A,T,0,0,0,0,0,0,1,0,0,0,0,0,1,0,HCM,75,15
382,D,Y,0,0,0,0,0,0,0,0,0,0,0,0,0,0,HCM,28,14
388,M,T,0,0,0,0,0,0,1,0,0,0,0,0,1,0,HCM,46,19
403,R,W,0,0,0,0,0,0,1,0,0,1,0,0,0,0,HCM,41,17
403,R,Q,0,0,0,0,0,0,1,0,0,0,0,0,0,0,HCM,22,20
427,L,M,0,0,0,0,0,0,1,0,0,0,0,0,0,0,HCM,54,21
444,N,S,1,0,0,0,0,0,0,0,0,0,0,0,0,0,HCM,54,17
453,R,C,1,0,0,0,0,0,0,0,0,0,0,0,0,0,HCM,22,21
478,I,N,0,0,0,0,0,0,1,0,0,0,0,0,0,0,HCM,49,20
484,K,N,0,1,0,0,0,0,1,0,0,0,0,0,0,0,HCM,38,28
493,M,L,0,0,0,0,0,0,1,0,0,0,0,0,0,0,HCM,38,13
497,E,D,0,0,0,0,0,0,1,0,0,0,0,0,0,0,HCM,60,29
528,M,I,0,0,0,0,0,0,1,0,0,0,0,0,0,0,LVNC,12,
540,F,L,0,0,0,0,0,0,0,0,0,0,0,0,0,0,LVNC,16,
542,K,R,0,0,0,0,0,0,0,0,0,0,0,0,0,0,HCM,60,16
550,A,V,0,0,0,0,0,0,1,0,0,0,0,0,0,0,DCM,40,
587,D,H,0,0,0,0,0,0,1,0,0,0,0,0,0,0,HCM,,
601,L,V,0,0,0,0,0,0,0,0,0,0,0,0,0,0,HCM,7,14
606,V,M,0,0,0,0,0,0,0,0,0,0,0,0,0,0,HCM,27,20
624,Y,N,0,0,0,0,0,0,0,0,0,0,0,0,0,0,HCM,38,18
652,R,K,0,0,0,0,0,0,0,0,0,0,0,0,0,0,HCM,47,
663,R,H,0,0,0,0,0,0,0,0,0,0,0,0,0,0,HCM,42,22
663,R,C,0,0,0,0,0,0,0,0,0,0,0,0,0,0,HCM,,
671,R,C,1,1,0,0,0,0,0,0,0,0,0,0,0,0,HCM,,
694,R,H,0,0,0,0,0,0,1,0,0,0,0,0,0,0,HCM,,
719,R,Q,0,1,0,0,0,0,1,0,0,0,0,0,0,0,HCM,16,23
723,R,C,0,1,0,1,0,0,1,0,0,0,0,0,0,0,HCM,33,23
768,G,R,0,0,0,0,0,0,1,0,0,0,1,0,0,0,HCM,23,20
771,G,A,0,0,0,0,0,0,0,0,0,0,0,0,0,0,HCM,,
797,A,T,0,0,0,1,0,0,0,0,0,0,0,0,0,0,HCM,34,22
822,M,L,0,0,0,1,0,0,0,0,0,0,0,0,0,0,HCM,62,22
845,R,K,0,0,0,1,0,0,0,1,0,0,0,0,0,0,HCM,,
847,K,E,0,0,0,1,0,0,1,0,0,0,0,0,0,0,HCM,,
852,M,T,0,0,0,1,0,0,0,0,0,0,0,0,0,0,HCM,,
869,R,H,0,0,0,1,0,0,1,1,0,0,0,0,0,0,HCM,21,28
870,R,H,0,0,0,1,0,0,0,1,0,0,0,0,0,0,HCM,33,19
890,Q,P,0,0,0,1,1,0,0,0,0,0,0,0,0,0,HCM,49,17
894,E,G,1,1,0,1,0,0,0,1,0,0,0,0,0,0,HCM,18,28
901,A,P,0,0,0,1,1,0,0,0,0,0,0,0,0,0,HCM,29,27
904,R,H,0,0,0,1,0,0,1,0,0,0,0,0,0,0,DCM,4,
906,D,G,0,0,0,0,0,0,1,0,0,0,0,0,0,0,HCM,39,16
924,E,K,0,0,0,0,0,0,0,0,0,0,0,0,0,0,HCM,26,23
927,E,K,0,0,0,0,0,0,0,0,0,0,0,0,0,0,HCM,,29
928,D,G,0,0,0,0,0,0,1,0,0,0,0,0,0,0,HCM,42,16
928,D,N,0,0,0,0,0,0,1,0,0,0,0,0,0,0,HCM,30,23
931,E,G,0,0,0,0,0,0,0,0,0,0,0,0,0,0,HCM,37,18
949,E,V,1,0,0,0,0,0,1,0,0,1,0,0,0,0,HCM,43,20
949,E,K,0,0,0,0,0,0,1,0,0,0,0,0,0,0,HCM,,
